id;nombre;apellidos;fecha_nacimiento
1;Stravenue Unbranded Cotton;transmitting card;2023-01-19T05:02:22
2;Arizona open-source Awesome;Clothing Unit Unit;2023-01-19T06:09:06
3;mint;GB Up-sized Andorra;2023-01-19T11:23:08
4;quantifying;Fresh intermediate grow;2023-01-19T12:44:10
5;e-business Metal;Bacon bypassing Assurance;2023-01-19T17:57:58
6;tan Architect;target;2023-01-19T02:46:09
7;Open-source Liaison Handmade;Accountability;2023-01-19T16:39:07
8;Music Buckinghamshire;ubiquitous content;2023-01-19T09:49:06
9;EXE engage Awesome;Plastic Visionary;2023-01-18T21:28:18
10;synergize;mint violet Planner;2023-01-18T20:16:14
